"","ï..Id","seed_sown_current_3","sowing_date_current_3","harvest_date_current_3","ParentId1","ParentId2"
"1",3,200,"3/6/2016 12:00:00 AM","11/6/2016 12:00:00 AM",0,"006a0dc2894d4f2c9397f08aa5b5cb94"
"2",4,308,"6/6/2016 12:00:00 AM","2/6/2017 12:00:00 AM",0,"006a0dc2894d4f2c9397f08aa5b5cb94"
"3",4,200,"1/6/2016 12:00:00 AM","11/6/2016 12:00:00 AM",1,"006a0dc2894d4f2c9397f08aa5b5cb94"
"4",3,300,"10/6/2015 12:00:00 AM","7/6/2016 12:00:00 AM",2,"006a0dc2894d4f2c9397f08aa5b5cb94"
"5",3,1500,"12/5/2015 12:00:00 AM","8/5/2016 12:00:00 AM",3,"006a0dc2894d4f2c9397f08aa5b5cb94"
"6",3,400,"7/27/2015 12:00:00 AM","4/27/2016 12:00:00 AM",0,"00eb1cd30dc446a69be47586390338be"
"7",3,12000,"6/5/2015 12:00:00 AM","5/6/2016 12:00:00 AM",0,"03abd292c4b7448d9dbce295fb2db1e3"
"8",3,2200,"10/4/2015 12:00:00 AM","10/22/2016 12:00:00 AM",1,"03abd292c4b7448d9dbce295fb2db1e3"
"9",3,400,"6/17/2015 12:00:00 AM","7/13/2016 12:00:00 AM",0,"040bdc633e9442fab018ce353ddb07e1"
"10",3,2500,"10/7/2015 12:00:00 AM","8/17/2016 12:00:00 AM",0,"043b164deab4443c86812a79def6b428"
"11",1,400,"1/6/2016 12:00:00 AM","6/8/2016 12:00:00 AM",0,"043b164deab4443c86812a79def6b428"
"12",4,0.8,"1/7/2016 12:00:00 AM","5/25/2016 12:00:00 AM",0,"043b164deab4443c86812a79def6b428"
"13",3,1500,"1/6/2016 12:00:00 AM","9/9/2016 12:00:00 AM",0,"046e9f633af34220ac3be597d8ac9749"
"14",3,2000,"8/26/2015 12:00:00 AM","6/22/2016 12:00:00 AM",1,"046e9f633af34220ac3be597d8ac9749"
"15",4,1500,"2/17/2016 12:00:00 AM","10/19/2016 12:00:00 AM",1,"046e9f633af34220ac3be597d8ac9749"
"16",3,12500,"6/10/2015 12:00:00 AM","6/9/2016 12:00:00 AM",0,"04e97d2aac034f87817b5de9cf8b4f89"
"17",2,100,"2/18/2016 12:00:00 AM","7/12/2016 12:00:00 AM",0,"05e5ce1f08c34c3a8f6b9f87c2e47116"
"18",1,150,"12/17/2015 12:00:00 AM","6/8/2016 12:00:00 AM",1,"05e5ce1f08c34c3a8f6b9f87c2e47116"
"19",2,225,"2/24/2016 12:00:00 AM","7/15/2016 12:00:00 AM",1,"05e5ce1f08c34c3a8f6b9f87c2e47116"
"20",3,2800,"10/28/2015 12:00:00 AM","10/6/2016 12:00:00 AM",0,"061995a541e54759ae88835704df23d8"
"21",4,700,"10/4/2015 12:00:00 AM","11/30/2016 12:00:00 AM",0,"061995a541e54759ae88835704df23d8"
"22",5,NA,"","",0,"061995a541e54759ae88835704df23d8"
"23",3,5000,"1/13/2016 12:00:00 AM","12/1/2016 12:00:00 AM",0,"0621dcd443a94b818ed4b82ac2396631"
"24",4,1500,"12/10/2015 12:00:00 AM","9/21/2016 12:00:00 AM",0,"0621dcd443a94b818ed4b82ac2396631"
"25",5,1200,"1/21/2016 12:00:00 AM","9/15/2016 12:00:00 AM",0,"0621dcd443a94b818ed4b82ac2396631"
"26",3,2000,"4/15/2016 12:00:00 AM","2/8/2017 12:00:00 AM",0,"09eca9564bfc451dac6c1350cfa30615"
"27",4,2,"4/15/2016 12:00:00 AM","6/15/2016 12:00:00 AM",0,"09eca9564bfc451dac6c1350cfa30615"
"28",3,4000,"6/30/2015 12:00:00 AM","5/25/2016 12:00:00 AM",0,"0a57b14fc8104ce485d0a1f31eb53ff8"
"29",3,4500,"2/17/2016 12:00:00 AM","2/9/2017 12:00:00 AM",1,"0a57b14fc8104ce485d0a1f31eb53ff8"
"30",3,1200,"2/18/2016 12:00:00 AM","1/9/2017 12:00:00 AM",0,"0ac7afc864af418cb7188c8906216bbc"
"31",3,4000,"5/31/2016 12:00:00 AM","4/12/2017 12:00:00 AM",0,"0b1b5e6e22074e1e9d0f8b440f745a5d"
"32",3,3100,"10/14/2015 12:00:00 AM","10/12/2016 12:00:00 AM",0,"0b4bc99218d24034bca0160cd6073ddd"
"33",3,800,"3/30/2016 12:00:00 AM","2/22/2017 12:00:00 AM",0,"0bc5e79be3a2495798ad46a7049f1b56"
"34",3,4000,"2/13/2016 12:00:00 AM","12/28/2016 12:00:00 AM",0,"0bf6f3d804ad41a99007dcf1ac547911"
"35",2,300,"3/10/2016 12:00:00 AM","7/30/2016 12:00:00 AM",0,"0c256ae8eb214e4b8cf8f68d079ad656"
"36",3,18000,"7/30/2015 12:00:00 AM","6/30/2016 12:00:00 AM",0,"0c256ae8eb214e4b8cf8f68d079ad656"
"37",1,800,"11/20/2015 12:00:00 AM","6/5/2016 12:00:00 AM",0,"0c50ca8067574b42b4ba254b6f37b694"
"38",2,100,"2/26/2016 12:00:00 AM","6/20/2016 12:00:00 AM",0,"0cb3e63adf1c40b5bde2ef00b52720b0"
"39",4,2,"2/26/2016 12:00:00 AM","6/28/2016 12:00:00 AM",0,"0cb3e63adf1c40b5bde2ef00b52720b0"
"40",3,150,"8/28/2015 12:00:00 AM","4/29/2016 12:00:00 AM",0,"0cb3e63adf1c40b5bde2ef00b52720b0"
"41",2,250,"2/8/2016 12:00:00 AM","4/28/2016 12:00:00 AM",0,"0cd8609fdf8f4a9492406ff50caa3c15"
"42",3,200,"6/12/2015 12:00:00 AM","4/30/2016 12:00:00 AM",0,"0cd8609fdf8f4a9492406ff50caa3c15"
"43",4,1,"1/13/2016 12:00:00 AM","6/15/2016 12:00:00 AM",0,"0cd8609fdf8f4a9492406ff50caa3c15"
"44",4,0.5,"2/1/2016 12:00:00 AM","4/30/2016 12:00:00 AM",1,"0cd8609fdf8f4a9492406ff50caa3c15"
"45",3,400,"3/3/2016 12:00:00 AM","12/20/2016 12:00:00 AM",2,"0cd8609fdf8f4a9492406ff50caa3c15"
"46",3,1500,"12/23/2015 12:00:00 AM","11/8/2016 12:00:00 AM",0,"0da23aebf2914f9d818820eddb58a098"
"47",1,2300,"1/8/2016 12:00:00 AM","6/15/2016 12:00:00 AM",0,"0e3266f5f98d4aa6b5f5465727a28191"
"48",2,1250,"3/16/2016 12:00:00 AM","6/22/2016 12:00:00 AM",0,"0e3266f5f98d4aa6b5f5465727a28191"
"49",3,3000,"3/22/2016 12:00:00 AM","11/24/2016 12:00:00 AM",0,"0e3266f5f98d4aa6b5f5465727a28191"
"50",1,1000,"11/30/2015 12:00:00 AM","5/31/2016 12:00:00 AM",0,"106196e6c9bb42bf95cec3efcefb09df"
"51",3,1500,"4/8/2016 12:00:00 AM","2/2/2017 12:00:00 AM",0,"106196e6c9bb42bf95cec3efcefb09df"
"52",4,1,"10/4/2015 12:00:00 AM","5/15/2016 12:00:00 AM",0,"106196e6c9bb42bf95cec3efcefb09df"
"53",3,1500,"10/15/2015 12:00:00 AM","11/18/2016 12:00:00 AM",0,"118419ebcab844c0affbd8c732d34153"
"54",3,3000,"10/27/2016 12:00:00 AM","10/18/2017 12:00:00 AM",2,"118419ebcab844c0affbd8c732d34153"
"55",3,3600,"3/17/2016 12:00:00 AM","4/29/2017 12:00:00 AM",1,"118419ebcab844c0affbd8c732d34153"
"56",3,900,"4/29/2015 12:00:00 AM","6/15/2016 12:00:00 AM",0,"13cef96797974af89b8e872bd09e599b"
"57",3,1000,"2/3/2016 12:00:00 AM","11/24/2016 12:00:00 AM",0,"151fa67db1c548a09bd25234c5f7f72d"
"58",3,7000,"11/2/2015 12:00:00 AM","8/2/2016 12:00:00 AM",0,"15ef209cba6d4456af4c865f77360281"
"59",3,5000,"3/3/2016 12:00:00 AM","2/23/2017 12:00:00 AM",0,"16435f6680d341abab43d8ebf3b44119"
"60",2,600,"12/13/2015 12:00:00 AM","4/11/2016 12:00:00 AM",1,"16435f6680d341abab43d8ebf3b44119"
"61",3,600,"2/4/2016 12:00:00 AM","11/5/2016 12:00:00 AM",0,"182abd7550a64001b66bc4a4b5384248"
"62",4,100,"3/6/2016 12:00:00 AM","12/6/2016 12:00:00 AM",0,"182abd7550a64001b66bc4a4b5384248"
"63",5,100,"2/6/2016 12:00:00 AM","11/6/2016 12:00:00 AM",0,"182abd7550a64001b66bc4a4b5384248"
"64",3,NA,"","",1,"182abd7550a64001b66bc4a4b5384248"
"65",3,4000,"1/2/2015 12:00:00 AM","10/3/2016 12:00:00 AM",0,"18dbd1675a81449584795d7a29e32441"
"66",2,1000,"3/7/2016 12:00:00 AM","6/15/2016 12:00:00 AM",0,"1977348f108b409ab2a562f80bbbe793"
"67",2,1000,"4/19/2016 12:00:00 AM","7/15/2016 12:00:00 AM",1,"1977348f108b409ab2a562f80bbbe793"
"68",3,3200,"2/26/2016 12:00:00 AM","2/26/2017 12:00:00 AM",0,"1a076d7c519d4bd09a60b5bce3d84b7e"
"69",4,2,"4/26/2016 12:00:00 AM","7/26/2016 12:00:00 AM",0,"1a076d7c519d4bd09a60b5bce3d84b7e"
"70",3,5000,"5/26/2015 12:00:00 AM","5/8/2016 12:00:00 AM",0,"1c77ca5402ca4be6a670c189be8a300d"
"71",3,800,"9/26/2015 12:00:00 AM","9/28/2016 12:00:00 AM",1,"1c77ca5402ca4be6a670c189be8a300d"
"72",3,1200,"2/11/2016 12:00:00 AM","2/28/2017 12:00:00 AM",2,"1c77ca5402ca4be6a670c189be8a300d"
"73",3,600,"4/4/2016 12:00:00 AM","4/26/2017 12:00:00 AM",3,"1c77ca5402ca4be6a670c189be8a300d"
"74",3,1200,"10/26/2015 12:00:00 AM","9/30/2016 12:00:00 AM",4,"1c77ca5402ca4be6a670c189be8a300d"
"75",3,7000,"8/20/2015 12:00:00 AM","8/18/2016 12:00:00 AM",0,"1e5be7d726bb4e90adf84c36a8222911"
"76",4,400,"12/16/2015 12:00:00 AM","12/21/2016 12:00:00 AM",0,"1e5be7d726bb4e90adf84c36a8222911"
"77",3,8000,"2/11/2016 12:00:00 AM","2/16/2017 12:00:00 AM",0,"1e7e55cb26ec40968451fd4d221a4b49"
"78",4,2,"3/17/2016 12:00:00 AM","6/23/2016 12:00:00 AM",0,"1e7e55cb26ec40968451fd4d221a4b49"
"79",2,500,"3/11/2016 12:00:00 AM","7/13/2016 12:00:00 AM",0,"1ed3df37b261415eb26054fb3cee6a28"
"80",1,2800,"11/28/2015 12:00:00 AM","4/29/2016 12:00:00 AM",0,"1ed3df37b261415eb26054fb3cee6a28"
"81",3,12000,"2/12/2016 12:00:00 AM","12/15/2016 12:00:00 AM",0,"229cf5fc788246f4873639437c49b634"
"82",3,1600,"2/11/2015 12:00:00 AM","12/21/2016 12:00:00 AM",0,"2364ba8b9bae4c048753be896140795e"
"83",1,8000,"12/15/2015 12:00:00 AM","5/25/2016 12:00:00 AM",0,"246c754937964d0988b7953d1bfc3bbe"
"84",2,2500,"2/24/2016 12:00:00 AM","6/8/2016 12:00:00 AM",0,"246c754937964d0988b7953d1bfc3bbe"
"85",3,7200,"8/26/2015 12:00:00 AM","8/4/2016 12:00:00 AM",0,"252e4434261a4602897d67fedfccea3b"
"86",4,1200,"1/13/2016 12:00:00 AM","10/26/2016 12:00:00 AM",0,"252e4434261a4602897d67fedfccea3b"
"87",3,600,"5/6/2015 12:00:00 AM","5/18/2016 12:00:00 AM",1,"252e4434261a4602897d67fedfccea3b"
"88",3,2000,"1/5/2016 12:00:00 AM","12/5/2016 12:00:00 AM",0,"25ed88b190ea4cb784a88d6bbdf620dc"
"89",4,1000,"3/5/2016 12:00:00 AM","12/5/2016 12:00:00 AM",0,"25ed88b190ea4cb784a88d6bbdf620dc"
"90",5,500,"1/5/2016 12:00:00 AM","10/5/2016 12:00:00 AM",0,"25ed88b190ea4cb784a88d6bbdf620dc"
"91",3,2130,"2/18/2016 12:00:00 AM","12/9/2016 12:00:00 AM",0,"2611f9546c1745738998f26527be8bb0"
"92",1,300,"4/20/2016 12:00:00 AM","9/25/2016 12:00:00 AM",0,"262be67c16f945dba5b777035c5ea282"
"93",3,9000,"3/26/2015 12:00:00 AM","3/30/2016 12:00:00 AM",0,"26f5fd38621d49b5b092cdf02be59351"
"94",3,4000,"9/27/2015 12:00:00 AM","8/27/2016 12:00:00 AM",0,"29af49176e1249b9b5bd3e2a2449995b"
"95",3,1500,"1/5/2016 12:00:00 AM","10/5/2016 12:00:00 AM",0,"2ac8b2e0f1ff46e4bc46ffb7264e97ca"
"96",3,4500,"11/15/2015 12:00:00 AM","8/15/2016 12:00:00 AM",0,"2b0de885a01643008c6ef330beb911b6"
"97",1,10,"2/15/2016 12:00:00 AM","8/15/2016 12:00:00 AM",1,"2dd7fafcbc6c4ad0b2c7e66d6cb4f9b7"
"98",3,1120,"3/12/2016 12:00:00 AM","12/12/2016 12:00:00 AM",1,"2dd7fafcbc6c4ad0b2c7e66d6cb4f9b7"
"99",4,500,"3/15/2016 12:00:00 AM","12/15/2016 12:00:00 AM",1,"2dd7fafcbc6c4ad0b2c7e66d6cb4f9b7"
"100",5,158,"4/15/2016 12:00:00 AM","1/15/2017 12:00:00 AM",1,"2dd7fafcbc6c4ad0b2c7e66d6cb4f9b7"
"101",3,500,"5/9/2016 12:00:00 AM","2/15/2017 12:00:00 AM",0,"2dd7fafcbc6c4ad0b2c7e66d6cb4f9b7"
"102",4,10,"2/24/2016 12:00:00 AM","5/4/2016 12:00:00 AM",0,"2df9406da12849d5b041021dbe7b06bf"
"103",2,250,"3/23/2016 12:00:00 AM","7/6/2016 12:00:00 AM",1,"2df9406da12849d5b041021dbe7b06bf"
"104",3,3750,"5/23/2016 12:00:00 AM","3/21/2017 12:00:00 AM",0,"2e69dc20d40844f981c39cd154c12f57"
"105",4,100,"5/20/2015 12:00:00 AM","11/30/2016 12:00:00 AM",0,"2e69dc20d40844f981c39cd154c12f57"
"106",3,750,"8/9/2015 12:00:00 AM","7/6/2016 12:00:00 AM",0,"2ee0770d46a64067b55be731e5592f35"
"107",3,1500,"8/6/2015 12:00:00 AM","7/13/2016 12:00:00 AM",1,"2ee0770d46a64067b55be731e5592f35"
"108",3,6400,"7/21/2015 12:00:00 AM","6/22/2016 12:00:00 AM",0,"2f70fa66fcc6486699fcad9910c2b415"
"109",3,3200,"2/23/2015 12:00:00 AM","12/23/2016 12:00:00 AM",1,"2f70fa66fcc6486699fcad9910c2b415"
"110",3,250,"3/10/2016 12:00:00 AM","11/10/2016 12:00:00 AM",0,"3092ea34312849e8866764469c4b9f8b"
"111",4,2,"2/25/2016 12:00:00 AM","7/7/2016 12:00:00 AM",0,"3092ea34312849e8866764469c4b9f8b"
"112",5,500,"6/2/2015 12:00:00 AM","5/24/2016 12:00:00 AM",1,"3092ea34312849e8866764469c4b9f8b"
"113",1,1500,"1/28/2016 12:00:00 AM","5/30/2016 12:00:00 AM",0,"31bd627122f548dca834c2941ce323d0"
"114",3,2400,"2/13/2016 12:00:00 AM","11/22/2016 12:00:00 AM",0,"31bd627122f548dca834c2941ce323d0"
"115",2,300,"3/11/2016 12:00:00 AM","7/26/2016 12:00:00 AM",0,"3241c3bbb28b444d9043e918c849292f"
"116",1,120,"1/14/2016 12:00:00 AM","6/16/2016 12:00:00 AM",0,"33a3914ce6544cc99a3cec754510208c"
"117",1,120,"11/28/2015 12:00:00 AM","5/14/2016 12:00:00 AM",1,"33a3914ce6544cc99a3cec754510208c"
"118",3,5000,"5/2/2016 12:00:00 AM","3/2/2017 12:00:00 AM",0,"33fecdc4a5c1431c8616d7e59795d651"
"119",4,1,"4/22/2016 12:00:00 AM","8/23/2016 12:00:00 AM",0,"33fecdc4a5c1431c8616d7e59795d651"
"120",3,8000,"8/12/2015 12:00:00 AM","8/31/2016 12:00:00 AM",0,"34d9e1cd33854bf4be4f9f270eb063cb"
"121",3,6000,"12/29/2015 12:00:00 AM","4/27/2016 12:00:00 AM",0,"366ae27dc82d418a961fb369fd241865"
"122",1,500,"11/26/2015 12:00:00 AM","4/24/2016 12:00:00 AM",0,"36bb5ab59ef441fcb781882a03e924af"
"123",3,600,"3/1/2016 12:00:00 AM","11/29/2016 12:00:00 AM",0,"3964ad80b7e143f4bf4fe5d012a737fe"
"124",3,2000,"12/27/2015 12:00:00 AM","8/25/2016 12:00:00 AM",0,"3a57846198684ee186174afb13782277"
"125",2,300,"3/10/2016 12:00:00 AM","6/15/2016 12:00:00 AM",0,"3c9e5644559146d3b9d3122cf0ba232f"
"126",1,600,"9/15/2015 12:00:00 AM","5/15/2016 12:00:00 AM",0,"3d325c4d02c54cf7ad9505158a8cbf46"
"127",2,750,"2/11/2016 12:00:00 AM","6/26/2016 12:00:00 AM",0,"3d325c4d02c54cf7ad9505158a8cbf46"
"128",5,45,"4/2/2016 12:00:00 AM","7/7/2016 12:00:00 AM",0,"3d325c4d02c54cf7ad9505158a8cbf46"
"129",1,100,"12/22/2015 12:00:00 AM","6/16/2016 12:00:00 AM",0,"3de89f4ca631491f87c0bdd3bbf02fe1"
"130",3,2500,"7/26/2015 12:00:00 AM","2/26/2018 12:00:00 AM",0,"3eea6ba85c15483e891686bac13b13df"
"131",2,500,"3/5/2016 12:00:00 AM","6/4/2016 12:00:00 AM",0,"3f0aeac2a3fa4e859373386634abb98e"
"132",3,1000,"2/6/2016 12:00:00 AM","12/15/2016 12:00:00 AM",1,"3f0aeac2a3fa4e859373386634abb98e"
"133",3,750,"2/17/2016 12:00:00 AM","12/14/2016 12:00:00 AM",0,"3f0aeac2a3fa4e859373386634abb98e"
"134",3,400,"4/1/2016 12:00:00 AM","3/6/2017 12:00:00 AM",0,"406caefb3ed645ce98536ee0f8351379"
"135",3,300,"3/8/2016 12:00:00 AM","1/28/2017 12:00:00 AM",1,"406caefb3ed645ce98536ee0f8351379"
"136",3,2000,"2/2/2016 12:00:00 AM","11/2/2016 12:00:00 AM",0,"415e700322c242b0b0a7a26d37c4bed5"
"137",3,3500,"12/2/2015 12:00:00 AM","9/2/2016 12:00:00 AM",0,"41a0de8415524e7e87bf0531c2434926"
"138",1,800,"12/3/2015 12:00:00 AM","5/15/2016 12:00:00 AM",0,"42a1411a42934da091fd3ac47760bdad"
"139",4,500,"3/7/2016 12:00:00 AM","8/9/2016 12:00:00 AM",0,"42a1411a42934da091fd3ac47760bdad"
"140",3,400,"7/8/2015 12:00:00 AM","7/6/2016 12:00:00 AM",0,"43559549eb7d4de99534a422c2dd2075"
"141",3,12000,"11/4/2015 12:00:00 AM","10/18/2016 12:00:00 AM",0,"43b7afa2c6ec4ce48ae5bf292c740c52"
"142",4,3000,"11/4/2015 12:00:00 AM","11/23/2016 12:00:00 AM",0,"43b7afa2c6ec4ce48ae5bf292c740c52"
"143",3,12000,"5/13/2015 12:00:00 AM","5/11/2016 12:00:00 AM",0,"43e31a9f9ad94df0a2c0e17cb92ba9e1"
"144",4,400,"2/24/2016 12:00:00 AM","7/27/2016 12:00:00 AM",0,"43e31a9f9ad94df0a2c0e17cb92ba9e1"
"145",5,1200,"2/25/2016 12:00:00 AM","11/16/2016 12:00:00 AM",0,"43e31a9f9ad94df0a2c0e17cb92ba9e1"
"146",2,300,"3/28/2016 12:00:00 AM","6/29/2016 12:00:00 AM",0,"46e242bd28c84a2485aae1cab4df7bd3"
"147",3,250,"8/10/2015 12:00:00 AM","2/28/2016 12:00:00 AM",0,"46e242bd28c84a2485aae1cab4df7bd3"
"148",3,1000,"7/16/2015 12:00:00 AM","5/15/2016 12:00:00 AM",0,"4a4d5baed9f9461987cb3bac60dfbda7"
"149",3,500,"7/14/2015 12:00:00 AM","6/5/2016 12:00:00 AM",1,"4a4d5baed9f9461987cb3bac60dfbda7"
"150",3,300,"6/11/2015 12:00:00 AM","4/14/2016 12:00:00 AM",2,"4a4d5baed9f9461987cb3bac60dfbda7"
"151",1,400,"4/3/2016 12:00:00 AM","7/9/2016 12:00:00 AM",0,"4ac72903008a46ec92b78c19a1b1b4c4"
"152",4,600,"8/21/2015 12:00:00 AM","8/25/2016 12:00:00 AM",0,"4ac72903008a46ec92b78c19a1b1b4c4"
"153",3,975,"2/16/2016 12:00:00 AM","11/30/2016 12:00:00 AM",0,"4b82e703b7bf449d9ae312de3826e1ff"
"154",4,1,"2/24/2016 12:00:00 AM","6/22/2016 12:00:00 AM",0,"4b82e703b7bf449d9ae312de3826e1ff"
"155",5,4,"2/23/2016 12:00:00 AM","5/31/2016 12:00:00 AM",0,"4b82e703b7bf449d9ae312de3826e1ff"
"156",6,NA,"","",0,"4b82e703b7bf449d9ae312de3826e1ff"
"157",3,900,"7/17/2015 12:00:00 AM","8/20/2016 12:00:00 AM",0,"4c6d2e1dcab341d6b3f84ce6a9497d1d"
"158",3,1000,"7/24/2015 12:00:00 AM","7/26/2016 12:00:00 AM",1,"4c6d2e1dcab341d6b3f84ce6a9497d1d"
"159",2,550,"2/26/2016 12:00:00 AM","6/30/2016 12:00:00 AM",0,"4c82cfc0c20245bf9bd98c00b330a11e"
"160",4,1,"11/29/2015 12:00:00 AM","5/9/2016 12:00:00 AM",0,"4c82cfc0c20245bf9bd98c00b330a11e"
"161",3,2400,"8/1/2015 12:00:00 AM","8/29/2016 12:00:00 AM",1,"4c82cfc0c20245bf9bd98c00b330a11e"
"162",3,8000,"7/3/2015 12:00:00 AM","5/3/2016 12:00:00 AM",0,"4cca2ff175a744d09c486408df4b3379"
"163",3,1500,"1/15/2016 12:00:00 AM","10/15/2016 12:00:00 AM",0,"4e89158fa986416b97584c3f17789cd3"
"164",4,2,"2/15/2016 12:00:00 AM","5/31/2016 12:00:00 AM",0,"4e89158fa986416b97584c3f17789cd3"
"165",3,1000,"3/10/2016 12:00:00 AM","11/30/2016 12:00:00 AM",0,"50fe942f85ce43d6ac96c6e148ea23a0"
"166",4,2,"3/10/2016 12:00:00 AM","7/20/2016 12:00:00 AM",0,"50fe942f85ce43d6ac96c6e148ea23a0"
"167",3,2000,"2/15/2016 12:00:00 AM","11/30/2016 12:00:00 AM",0,"53540601355b416fb223408677cb2353"
"168",2,250,"1/4/2016 12:00:00 AM","5/4/2016 12:00:00 AM",0,"53540601355b416fb223408677cb2353"
"169",2,200,"2/17/2016 12:00:00 AM","5/29/2016 12:00:00 AM",0,"53d72dbddbd04d9fa543df73983ca10e"
"170",1,3000,"1/1/2016 12:00:00 AM","5/28/2016 12:00:00 AM",0,"58f5d4bc733f4f7bbb940685557a5019"
"171",1,50,"1/18/2016 12:00:00 AM","5/31/2016 12:00:00 AM",0,"592e42fe28a34d27a5a8a2fef5ebb32b"
"172",3,100,"8/17/2015 12:00:00 AM","8/4/2016 12:00:00 AM",1,"592e42fe28a34d27a5a8a2fef5ebb32b"
"173",3,10000,"5/3/2016 12:00:00 AM","2/3/2017 12:00:00 AM",0,"5973f69084374f01aebb394b00d2781e"
"174",4,5500,"1/3/2016 12:00:00 AM","12/4/2016 12:00:00 AM",0,"5973f69084374f01aebb394b00d2781e"
"175",2,150,"2/4/2016 12:00:00 AM","6/3/2016 12:00:00 AM",0,"5c2c125c0bb741468034b1b89b9eb3aa"
"176",3,1200,"2/6/2016 12:00:00 AM","11/20/2016 12:00:00 AM",0,"5c5643529de24fdc95126e5acebce16e"
"177",1,400,"11/9/2015 12:00:00 AM","5/30/2016 12:00:00 AM",0,"5c84e551d75b4283936225651e32488b"
"178",4,0.5,"11/9/2015 12:00:00 AM","5/3/2016 12:00:00 AM",1,"5c84e551d75b4283936225651e32488b"
"179",3,4500,"4/4/2016 12:00:00 AM","12/3/2016 12:00:00 AM",0,"5ce81c0dc5a74a62821675a233abd108"
"180",3,9000,"10/13/2015 12:00:00 AM","8/28/2016 12:00:00 AM",0,"5cf9e79798ea4fe3b19afc5b7bd82594"
"181",2,100,"3/7/2016 12:00:00 AM","6/4/2016 12:00:00 AM",0,"5cf9e79798ea4fe3b19afc5b7bd82594"
"182",3,NA,"1/24/2016 12:00:00 AM","8/27/2016 12:00:00 AM",0,"5feab955b8d0403a81bd0f27985440fc"
"183",4,NA,"1/27/2016 12:00:00 AM","9/27/2016 12:00:00 AM",0,"5feab955b8d0403a81bd0f27985440fc"
"184",3,NA,"3/20/2016 12:00:00 AM","2/8/2017 12:00:00 AM",1,"5feab955b8d0403a81bd0f27985440fc"
"185",3,1600,"12/30/2015 12:00:00 AM","10/13/2016 12:00:00 AM",0,"60026988868b426a87359aedf1fb95ea"
"186",3,1250,"6/23/2015 12:00:00 AM","5/25/2016 12:00:00 AM",0,"6364b259b14e42348f868cf6fe14cd33"
"187",2,250,"1/19/2016 12:00:00 AM","4/20/2016 12:00:00 AM",1,"6364b259b14e42348f868cf6fe14cd33"
"188",3,250,"1/15/2016 12:00:00 AM","10/20/2016 12:00:00 AM",1,"6364b259b14e42348f868cf6fe14cd33"
"189",3,6400,"12/5/2015 12:00:00 AM","9/5/2016 12:00:00 AM",0,"63b8e45d2f6046ee9ef04843bf1d6d84"
"190",4,500,"1/5/2016 12:00:00 AM","10/5/2016 12:00:00 AM",0,"63b8e45d2f6046ee9ef04843bf1d6d84"
"191",3,2800,"2/24/2016 12:00:00 AM","1/18/2017 12:00:00 AM",0,"63cdcd5e2360424f886af0b1236f765d"
"192",3,6000,"2/27/2016 12:00:00 AM","12/25/2016 12:00:00 AM",0,"645af73e45724f68ba9baac9cd1e1829"
"193",4,1000,"3/22/2016 12:00:00 AM","1/27/2017 12:00:00 AM",0,"645af73e45724f68ba9baac9cd1e1829"
"194",3,6000,"2/6/2015 12:00:00 AM","2/3/2016 12:00:00 AM",0,"6471b668e9854632b8c523918790a4bd"
"195",2,200,"3/3/2016 12:00:00 AM","5/5/2016 12:00:00 AM",1,"6471b668e9854632b8c523918790a4bd"
"196",3,800,"11/25/2015 12:00:00 AM","8/5/2016 12:00:00 AM",0,"6511d0200e5d463bb40a3d6474d940e9"
"197",4,200,"4/8/2016 12:00:00 AM","12/3/2016 12:00:00 AM",0,"6511d0200e5d463bb40a3d6474d940e9"
"198",3,1200,"3/3/2016 12:00:00 AM","2/16/2017 12:00:00 AM",0,"665f348149a842fbb1dc81136be58dbd"
"199",3,200,"7/1/2015 12:00:00 AM","4/25/2016 12:00:00 AM",0,"675e84a18b334cbd9c228db6b9062591"
"200",1,1200,"2/23/2016 12:00:00 AM","6/28/2016 12:00:00 AM",1,"6777b62e592b4fd29de583564283f769"
"201",1,1200,"2/24/2016 12:00:00 AM","7/27/2016 12:00:00 AM",0,"6777b62e592b4fd29de583564283f769"
"202",2,350,"3/23/2016 12:00:00 AM","7/27/2016 12:00:00 AM",0,"6777b62e592b4fd29de583564283f769"
"203",3,3500,"10/3/2015 12:00:00 AM","9/3/2016 12:00:00 AM",0,"6a97ce124c454e39821ba0de278c58d2"
"204",3,1500,"2/24/2016 12:00:00 AM","1/3/2017 12:00:00 AM",0,"6c5a32c1aeb3468cbef39f3e673a6af4"
"205",3,2500,"8/13/2015 12:00:00 AM","8/24/2016 12:00:00 AM",0,"6cd78cfce7404352a0b756c4336e1173"
"206",4,4000,"3/9/2016 12:00:00 AM","11/15/2016 12:00:00 AM",0,"6cd78cfce7404352a0b756c4336e1173"
"207",5,0.5,"3/31/2016 12:00:00 AM","7/22/2016 12:00:00 AM",0,"6cd78cfce7404352a0b756c4336e1173"
"208",3,2500,"2/25/2015 12:00:00 AM","11/26/2016 12:00:00 AM",0,"6dc73343f912438485c542d2d41b7a69"
"209",4,250,"3/26/2016 12:00:00 AM","6/26/2016 12:00:00 AM",0,"6dc73343f912438485c542d2d41b7a69"
"210",3,2000,"2/26/2015 12:00:00 AM","2/25/2016 12:00:00 AM",1,"6dc73343f912438485c542d2d41b7a69"
"211",3,2000,"6/17/2015 12:00:00 AM","6/23/2016 12:00:00 AM",0,"6e2719a534dc44148f5a12d03bf9caf7"
"212",4,0.3,"2/17/2016 12:00:00 AM","5/11/2016 12:00:00 AM",0,"6e2719a534dc44148f5a12d03bf9caf7"
"213",5,0.4,"2/3/2016 12:00:00 AM","5/25/2016 12:00:00 AM",0,"6e2719a534dc44148f5a12d03bf9caf7"
"214",3,4000,"2/10/2016 12:00:00 AM","9/26/2016 12:00:00 AM",0,"7029244f92e6403f8ab069ef88ffe385"
"215",3,120,"12/4/2015 12:00:00 AM","9/2/2016 12:00:00 AM",0,"71965e87db4d43329209b9a8a9eddab5"
"216",3,500,"6/25/2016 12:00:00 AM","4/25/2017 12:00:00 AM",0,"71c8f3df9f184331a622ebb1ea5273fa"
"217",3,6000,"6/20/2016 12:00:00 AM","6/29/2016 12:00:00 AM",0,"73a288a9cff94c309849c6fcee7c0ebd"
"218",4,2000,"7/29/2015 12:00:00 AM","7/27/2016 12:00:00 AM",0,"73a288a9cff94c309849c6fcee7c0ebd"
"219",5,0.8,"4/6/2016 12:00:00 AM","12/8/2016 12:00:00 AM",0,"73a288a9cff94c309849c6fcee7c0ebd"
"220",3,3000,"10/18/2015 12:00:00 AM","8/23/2016 12:00:00 AM",0,"73dafa35abe341319263f01a46cea9fc"
"221",3,6000,"12/7/2015 12:00:00 AM","11/1/2016 12:00:00 AM",1,"73dafa35abe341319263f01a46cea9fc"
"222",1,1500,"12/18/2015 12:00:00 AM","5/4/2016 12:00:00 AM",0,"7787ae95965b43c780dd8a8406c0f8d2"
"223",3,700,"11/23/2015 12:00:00 AM","9/12/2016 12:00:00 AM",0,"7787ae95965b43c780dd8a8406c0f8d2"
"224",3,5000,"12/4/2015 12:00:00 AM","9/3/2016 12:00:00 AM",0,"78c0873155e94e1f8abbf4268968ced4"
"225",1,500,"12/10/2015 12:00:00 AM","5/3/2016 12:00:00 AM",0,"78c57821ad43426cb5292ab157bb8c16"
"226",4,8,"4/20/2016 12:00:00 AM","6/4/2016 12:00:00 AM",0,"78c57821ad43426cb5292ab157bb8c16"
"227",1,40,"3/28/2016 12:00:00 AM","7/23/2016 12:00:00 AM",1,"78c57821ad43426cb5292ab157bb8c16"
"228",1,200,"1/14/2016 12:00:00 AM","6/15/2016 12:00:00 AM",2,"78c57821ad43426cb5292ab157bb8c16"
"229",4,0.25,"1/15/2016 12:00:00 AM","6/14/2016 12:00:00 AM",2,"78c57821ad43426cb5292ab157bb8c16"
"230",1,1200,"11/27/2015 12:00:00 AM","4/30/2016 12:00:00 AM",0,"7a141631297d489696c9ee4b5de51122"
"231",1,200,"2/16/2016 12:00:00 AM","8/28/2016 12:00:00 AM",0,"7a9a387919234b509c33573d6b8775ae"
"232",3,600,"10/13/2015 12:00:00 AM","8/17/2016 12:00:00 AM",0,"7b3a1896e8c24d5ab7ed8510c3aff25f"
"233",3,9000,"12/26/2015 12:00:00 AM","10/26/2016 12:00:00 AM",0,"7d513871f565408ea1e065b8c2eed78e"
"234",3,2400,"3/11/2016 12:00:00 AM","1/29/2017 12:00:00 AM",0,"7dfaa211811942bf9e320b77ed8ce7b4"
"235",3,4400,"8/19/2015 12:00:00 AM","6/23/2016 12:00:00 AM",0,"802d3b102c9f456a85af3eecd247102f"
"236",3,5,"1/5/2016 12:00:00 AM","11/5/2016 12:00:00 AM",0,"8238e28ad61a493e8a4d63c2fccdf46a"
"237",4,0.3,"2/5/2016 12:00:00 AM","7/5/2016 12:00:00 AM",0,"8238e28ad61a493e8a4d63c2fccdf46a"
"238",3,4500,"6/27/2015 12:00:00 AM","5/25/2017 12:00:00 AM",0,"826d8d8fa0bd4469a0d5c9fc139780e8"
"239",5,400,"2/22/2016 12:00:00 AM","11/27/2016 12:00:00 AM",0,"826d8d8fa0bd4469a0d5c9fc139780e8"
"240",3,1200,"3/22/2016 12:00:00 AM","2/14/2017 12:00:00 AM",0,"8331482eadb34fc9be27d541a5069a34"
"241",3,1400,"3/12/2016 12:00:00 AM","2/18/2017 12:00:00 AM",0,"83535f2026cb445c8af28aca1eeacacc"
"242",3,1000,"3/24/2016 12:00:00 AM","2/18/2017 12:00:00 AM",1,"83535f2026cb445c8af28aca1eeacacc"
"243",3,750,"11/3/2015 12:00:00 AM","8/3/2016 12:00:00 AM",0,"839c200f08354d54b5d7fe17c452f2f6"
"244",3,1500,"4/10/2016 12:00:00 AM","3/29/2017 12:00:00 AM",0,"83eb0017b9e3456fa516022d6e98cadc"
"245",2,100,"3/27/2016 12:00:00 AM","6/29/2016 12:00:00 AM",0,"83eb0017b9e3456fa516022d6e98cadc"
"246",4,0.5,"11/4/2015 12:00:00 AM","4/24/2016 12:00:00 AM",0,"83eb0017b9e3456fa516022d6e98cadc"
"247",3,2000,"2/12/2016 12:00:00 AM","12/12/2016 12:00:00 AM",0,"8580c31f92ce42969ff652f775575469"
"248",3,600,"2/3/2016 12:00:00 AM","12/28/2016 12:00:00 AM",0,"86a0fd7d71b64c7d92c78be588448d16"
"249",3,2500,"6/17/2015 12:00:00 AM","6/9/2016 12:00:00 AM",0,"8782b4e86a5a46a486607e305641ba49"
"250",4,200,"10/1/2015 12:00:00 AM","11/2/2016 12:00:00 AM",0,"8782b4e86a5a46a486607e305641ba49"
"251",3,26000,"1/3/2016 12:00:00 AM","12/3/2016 12:00:00 AM",0,"883cc9408a3e4b4a87e546bc34131214"
"252",4,100,"1/3/2016 12:00:00 AM","6/3/2016 12:00:00 AM",0,"883cc9408a3e4b4a87e546bc34131214"
"253",3,2000,"4/9/2015 12:00:00 AM","4/13/2016 12:00:00 AM",0,"8a97fda6b13c41328761dc854c3d785a"
"254",3,500,"3/5/2016 12:00:00 AM","12/5/2016 12:00:00 AM",0,"8aaf67251a2a49b999a16927046b71e1"
"255",3,500,"1/27/2016 12:00:00 AM","9/3/2016 12:00:00 AM",0,"8b28fda141fc41b8bc1865735d74419b"
"256",3,4000,"2/10/2016 12:00:00 AM","10/30/2016 12:00:00 AM",0,"8c4c1008d8e6480cadecbf9dcb47195c"
"257",4,10000,"1/15/2015 12:00:00 AM","6/30/2016 12:00:00 AM",0,"8c4c1008d8e6480cadecbf9dcb47195c"
"258",3,6000,"6/2/2015 12:00:00 AM","4/5/2016 12:00:00 AM",0,"8d1f14e888524af2b72bca9da930a90e"
"259",4,1000,"2/3/2016 12:00:00 AM","10/4/2016 12:00:00 AM",0,"8d1f14e888524af2b72bca9da930a90e"
"260",3,2000,"7/3/2015 12:00:00 AM","3/3/2016 12:00:00 AM",0,"8ead79da839e40be8b26b92f2022cf2c"
"261",1,1000,"1/1/2016 12:00:00 AM","5/25/2016 12:00:00 AM",0,"8ecbc622976a479180c72dfa979a2757"
"262",1,1500,"3/18/2015 12:00:00 AM","9/25/2015 12:00:00 AM",1,"8ecbc622976a479180c72dfa979a2757"
"263",3,1500,"3/19/2016 12:00:00 AM","12/19/2016 12:00:00 AM",0,"8ecbc622976a479180c72dfa979a2757"
"264",3,1500,"2/19/2015 12:00:00 AM","11/25/2015 12:00:00 AM",1,"8ecbc622976a479180c72dfa979a2757"
"265",2,900,"2/12/2016 12:00:00 AM","5/30/2016 12:00:00 AM",0,"8f28e05fce1f48a0b634500c1402ea4b"
"266",1,1600,"2/12/2016 12:00:00 AM","6/16/2016 12:00:00 AM",0,"8f28e05fce1f48a0b634500c1402ea4b"
"267",2,500,"1/6/2016 12:00:00 AM","4/30/2016 12:00:00 AM",0,"8fd5208d3c3440938615a1609795e386"
"268",4,0.1,"6/21/2016 12:00:00 AM","8/30/2016 12:00:00 AM",0,"8fd5208d3c3440938615a1609795e386"
"269",3,2000,"7/15/2015 12:00:00 AM","6/29/2016 12:00:00 AM",1,"8fd5208d3c3440938615a1609795e386"
"270",1,3000,"11/24/2015 12:00:00 AM","5/25/2016 12:00:00 AM",0,"909b73125f404309b27f51c827e4a2e7"
"271",3,2000,"3/3/2016 12:00:00 AM","3/3/2017 12:00:00 AM",0,"91a010655f1840a4aa7a21e955237fb0"
"272",4,400,"6/3/2016 12:00:00 AM","7/6/2017 12:00:00 AM",0,"91a010655f1840a4aa7a21e955237fb0"
"273",3,10000,"3/21/2016 12:00:00 AM","4/26/2017 12:00:00 AM",0,"91a0175c96a44a119e9ed87f26526146"
"274",1,400,"12/16/2015 12:00:00 AM","5/19/2016 12:00:00 AM",0,"926a1bb389a44865b04a041ccb9a9ea2"
"275",4,2000,"11/4/2015 12:00:00 AM","8/4/2016 12:00:00 AM",0,"926a1bb389a44865b04a041ccb9a9ea2"
"276",5,3000,"12/15/2015 12:00:00 AM","10/19/2016 12:00:00 AM",0,"926a1bb389a44865b04a041ccb9a9ea2"
"277",3,1700,"5/1/2015 12:00:00 AM","4/28/2016 12:00:00 AM",0,"92f406c7d4674984b7231d5462af56ed"
"278",3,4000,"9/4/2015 12:00:00 AM","4/28/2016 12:00:00 AM",1,"92f406c7d4674984b7231d5462af56ed"
"279",3,2400,"3/2/2016 12:00:00 AM","1/4/2017 12:00:00 AM",0,"9589ca0ac3f546beb410f4031abbf07b"
"280",3,900,"1/13/2016 12:00:00 AM","12/6/2016 12:00:00 AM",0,"967c1415a5a44ab4913e9fa0f0aa440b"
"281",3,2000,"5/19/2015 12:00:00 AM","6/8/2016 12:00:00 AM",0,"9b3f8c3b46c84cddb1f89287690d1101"
"282",4,0.5,"3/5/2016 12:00:00 AM","8/5/2016 12:00:00 AM",0,"9c62463695a645838c734cb37a126481"
"283",3,0.71,"2/5/2015 12:00:00 AM","11/5/2016 12:00:00 AM",0,"9c62463695a645838c734cb37a126481"
"284",3,1400,"4/27/2015 12:00:00 AM","2/20/2016 12:00:00 AM",0,"9e0f86ec66f84d52a68cc8b07ed47bc9"
"285",3,1800,"9/11/2015 12:00:00 AM","8/15/2016 12:00:00 AM",1,"9e0f86ec66f84d52a68cc8b07ed47bc9"
"286",2,225,"3/8/2016 12:00:00 AM","6/14/2016 12:00:00 AM",0,"9f1b42836c4d46b2a4979d3e4bad4efe"
"287",4,0.25,"3/28/2016 12:00:00 AM","6/29/2016 12:00:00 AM",0,"9f1b42836c4d46b2a4979d3e4bad4efe"
"288",3,6000,"1/15/2016 12:00:00 AM","11/24/2016 12:00:00 AM",0,"a0008350a5f14a5cae5c9762f6af2006"
"289",2,1350,"4/15/2016 12:00:00 AM","7/14/2016 12:00:00 AM",0,"a0008350a5f14a5cae5c9762f6af2006"
"290",1,2000,"4/22/2016 12:00:00 AM","8/27/2016 12:00:00 AM",0,"a0008350a5f14a5cae5c9762f6af2006"
"291",3,1000,"2/12/2016 12:00:00 AM","11/12/2016 12:00:00 AM",0,"a359e73b6873451a9998326da31eae3a"
"292",2,350,"3/7/2016 12:00:00 AM","6/8/2016 12:00:00 AM",0,"a596729ef1354ccd92754ccd783e37a9"
"293",3,1500,"6/10/2015 12:00:00 AM","4/13/2016 12:00:00 AM",0,"a596729ef1354ccd92754ccd783e37a9"
"294",3,2000,"5/23/2015 12:00:00 AM","7/3/2016 12:00:00 AM",0,"a6580ca84b764c87ab0f87f8fd1ab1fc"
"295",3,1200,"10/31/2015 12:00:00 AM","10/5/2017 12:00:00 AM",1,"a6580ca84b764c87ab0f87f8fd1ab1fc"
"296",3,600,"12/5/2015 12:00:00 AM","10/5/2016 12:00:00 AM",0,"a8cf31d442ff485fa69ba8285e7b438d"
"297",4,200,"5/5/2016 12:00:00 AM","2/5/2017 12:00:00 AM",0,"a8cf31d442ff485fa69ba8285e7b438d"
"298",5,100,"6/5/2016 12:00:00 AM","3/5/2017 12:00:00 AM",0,"a8cf31d442ff485fa69ba8285e7b438d"
"299",3,3000,"3/8/2016 12:00:00 AM","1/18/2017 12:00:00 AM",0,"a97a2838070d43ffa50514edb73e62f9"
"300",1,150,"12/9/2015 12:00:00 AM","6/13/2016 12:00:00 AM",0,"a97a2838070d43ffa50514edb73e62f9"
"301",3,3000,"2/24/2016 12:00:00 AM","12/29/2016 12:00:00 AM",0,"aa1c9037eab947ec9794e1bad649be03"
"302",1,250,"11/27/2015 12:00:00 AM","5/24/2016 12:00:00 AM",0,"aa2f74d3dff1473bbb65cb2ddf4b4d17"
"303",2,600,"2/13/2016 12:00:00 AM","5/13/2016 12:00:00 AM",0,"abe03f57d7f14212a3c50b80c9844084"
"304",1,250,"2/8/2016 12:00:00 AM","7/11/2016 12:00:00 AM",0,"abe03f57d7f14212a3c50b80c9844084"
"305",2,850,"2/15/2016 12:00:00 AM","6/15/2016 12:00:00 AM",0,"ae05ba4f52004ead99ff3578dda9eac6"
"306",2,350,"2/2/2016 12:00:00 AM","5/2/2016 12:00:00 AM",0,"af3bf85f0eb64b0b8d94da5d9ebd27f1"
"307",1,100,"11/13/2015 12:00:00 AM","6/14/2016 12:00:00 AM",0,"afb7514668e54c909f4d06c7b683e176"
"308",1,500,"2/12/2016 12:00:00 AM","6/12/2016 12:00:00 AM",0,"afe48111deaa492cb8f0d6ca2367d067"
"309",3,3000,"10/12/2015 12:00:00 AM","6/12/2016 12:00:00 AM",1,"afe48111deaa492cb8f0d6ca2367d067"
"310",1,2000,"10/20/2015 12:00:00 AM","5/27/2016 12:00:00 AM",0,"b11cc413f13543eda906fc826277376d"
"311",2,1200,"3/12/2016 12:00:00 AM","6/26/2016 12:00:00 AM",0,"b11cc413f13543eda906fc826277376d"
"312",3,1500,"2/11/2016 12:00:00 AM","2/27/2017 12:00:00 AM",0,"b1f5364c62244f27ace0fa7ca1682e2b"
"313",1,8000,"11/9/2015 12:00:00 AM","3/24/2016 12:00:00 AM",0,"b39a9cbedcc04f3cbfdb0dee2aead3cb"
"314",2,800,"3/14/2016 12:00:00 AM","6/27/2016 12:00:00 AM",0,"b39a9cbedcc04f3cbfdb0dee2aead3cb"
"315",3,12000,"1/20/2016 12:00:00 AM","10/27/2016 12:00:00 AM",0,"b40ca74d52994a35bbc01b108be7cb27"
"316",3,2800,"3/16/2016 12:00:00 AM","4/12/2017 12:00:00 AM",0,"b4233dd3dec948a49661816297fa9dc1"
"317",4,600,"12/30/2015 12:00:00 AM","12/20/2017 12:00:00 AM",0,"b4233dd3dec948a49661816297fa9dc1"
"318",5,600,"12/30/2015 12:00:00 AM","9/1/2016 12:00:00 AM",0,"b4233dd3dec948a49661816297fa9dc1"
"319",3,7000,"1/25/2016 12:00:00 AM","11/22/2016 12:00:00 AM",0,"b8e2f3be540f4313921236e42de5a305"
"320",3,1600,"1/22/2016 12:00:00 AM","11/25/2016 12:00:00 AM",1,"b8e2f3be540f4313921236e42de5a305"
"321",3,3200,"8/28/2015 12:00:00 AM","5/28/2016 12:00:00 AM",3,"b8e2f3be540f4313921236e42de5a305"
"322",4,20,"11/29/2015 12:00:00 AM","4/29/2016 12:00:00 AM",3,"b8e2f3be540f4313921236e42de5a305"
"323",3,1200,"8/29/2015 12:00:00 AM","5/29/2016 12:00:00 AM",2,"b8e2f3be540f4313921236e42de5a305"
"324",2,250,"1/10/2016 12:00:00 AM","5/2/2016 12:00:00 AM",0,"baa28f6140af46f495d5a8ced91c537c"
"325",3,480,"5/10/2016 12:00:00 AM","3/23/2017 12:00:00 AM",0,"bac7910e517148718dd19b139b89a9dd"
"326",3,12000,"2/5/2016 12:00:00 AM","10/8/2016 12:00:00 AM",0,"bb166bf46bb04f24a894e5fbd3f19328"
"327",1,4000,"11/6/2015 12:00:00 AM","5/31/2016 12:00:00 AM",1,"bb166bf46bb04f24a894e5fbd3f19328"
"328",1,4000,"12/3/2015 12:00:00 AM","5/5/2016 12:00:00 AM",0,"bbe8104001d84185a4941ef985cd2ff0"
"329",1,5000,"4/27/2016 12:00:00 AM","9/27/2016 12:00:00 AM",1,"bbe8104001d84185a4941ef985cd2ff0"
"330",3,5000,"11/17/2015 12:00:00 AM","8/2/2016 12:00:00 AM",0,"bec72ffa41aa44c7bc5ac7173bad8fe7"
"331",2,250,"1/24/2016 12:00:00 AM","4/25/2016 12:00:00 AM",0,"bf37f5656b9541bcb4e3650bff31e740"
"332",4,4,"2/10/2016 12:00:00 AM","5/25/2016 12:00:00 AM",0,"bf37f5656b9541bcb4e3650bff31e740"
"333",3,3000,"9/12/2015 12:00:00 AM","6/24/2016 12:00:00 AM",1,"bf37f5656b9541bcb4e3650bff31e740"
"334",6,300,"2/21/2012 12:00:00 AM","2/25/2016 12:00:00 AM",1,"bf37f5656b9541bcb4e3650bff31e740"
"335",2,500,"3/5/2016 12:00:00 AM","6/5/2016 12:00:00 AM",0,"bf8d4a570e264acd88380fa14510a20e"
"336",2,70,"3/15/2016 12:00:00 AM","6/19/2016 12:00:00 AM",1,"bf8d4a570e264acd88380fa14510a20e"
"337",3,3600,"6/7/2015 12:00:00 AM","5/3/2016 12:00:00 AM",0,"c079282b66534d30b1b95c795fa43600"
"338",3,3000,"11/4/2015 12:00:00 AM","9/17/2016 12:00:00 AM",1,"c079282b66534d30b1b95c795fa43600"
"339",3,40000,"1/22/2015 12:00:00 AM","10/22/2016 12:00:00 AM",0,"c1acceb3770c495fbe05cc35b97a2007"
"340",3,1200,"4/13/2016 12:00:00 AM","3/15/2017 12:00:00 AM",0,"c2b8862ed4a642818955eb4c73854060"
"341",2,3000,"3/2/2016 12:00:00 AM","6/15/2016 12:00:00 AM",0,"c45adc261db44b45b1d229328bd48989"
"342",3,3500,"3/1/2015 12:00:00 AM","4/1/2016 12:00:00 AM",0,"c45d7682d46c4c08b5f2fb84661e9039"
"343",3,1200,"1/12/2016 12:00:00 AM","10/12/2016 12:00:00 AM",0,"c47a7f85a8744579ba258b4eb17b20de"
"344",3,3200,"3/3/2015 12:00:00 AM","5/3/2017 12:00:00 AM",1,"c5cd0a1108984a6fab920d86d24dd2a0"
"345",2,350,"2/10/2016 12:00:00 AM","5/3/2016 12:00:00 AM",0,"c5cd0a1108984a6fab920d86d24dd2a0"
"346",3,1450,"3/9/2016 12:00:00 AM","12/20/2016 12:00:00 AM",0,"c6685b9091a547a3a3e8aad4c5bfb7b7"
"347",4,112,"3/9/2016 12:00:00 AM","6/23/2017 12:00:00 AM",0,"c6685b9091a547a3a3e8aad4c5bfb7b7"
"348",3,80,"8/12/2015 12:00:00 AM","5/29/2016 12:00:00 AM",0,"c68cf27f695247708f35bf1c2d15572a"
"349",3,1800,"11/13/2015 12:00:00 AM","9/26/2016 12:00:00 AM",0,"c6da2346a9374aa0916c43328822fb78"
"350",3,600,"11/26/2015 12:00:00 AM","8/31/2016 12:00:00 AM",0,"c7ac7401b1234eefafafcd59d83ff2ef"
"351",4,300,"1/13/2016 12:00:00 AM","12/15/2016 12:00:00 AM",0,"c7ac7401b1234eefafafcd59d83ff2ef"
"352",5,150,"1/13/2016 12:00:00 AM","9/1/2016 12:00:00 AM",0,"c7ac7401b1234eefafafcd59d83ff2ef"
"353",3,3000,"6/15/2015 12:00:00 AM","6/7/2016 12:00:00 AM",0,"c878f6ad39354e6cb540acd81df20abd"
"354",3,6400,"8/22/2015 12:00:00 AM","6/26/2016 12:00:00 AM",0,"cbac7b24e51544b9b68f76fb71649d14"
"355",3,1000,"9/11/2015 12:00:00 AM","6/11/2016 12:00:00 AM",0,"cdea36ebeef94b569ef90e6c381d462d"
"356",3,8000,"8/26/2015 12:00:00 AM","8/8/2016 12:00:00 AM",0,"ce0f2bac2ba446a3a9a0ba666244451e"
"357",3,1000,"6/1/2016 12:00:00 AM","5/9/2017 12:00:00 AM",1,"ce0f2bac2ba446a3a9a0ba666244451e"
"358",1,2500,"1/13/2016 12:00:00 AM","5/28/2016 12:00:00 AM",0,"ce4cbe84e06a48af992bb8698643a07d"
"359",4,1.5,"3/8/2016 12:00:00 AM","7/12/2016 12:00:00 AM",0,"ce4cbe84e06a48af992bb8698643a07d"
"360",3,5000,"7/22/2015 12:00:00 AM","5/12/2016 12:00:00 AM",0,"cf164a8f3b0a461ca1a62b4979715765"
"361",3,10000,"9/2/2015 12:00:00 AM","9/7/2016 12:00:00 AM",1,"cf164a8f3b0a461ca1a62b4979715765"
"362",3,5000,"8/2/2015 12:00:00 AM","6/1/2016 12:00:00 AM",0,"cfa546f0bbf541f49b93f667810a9f55"
"363",1,2800,"2/24/2016 12:00:00 AM","7/26/2016 12:00:00 AM",0,"cfd298a4c06d4bc9adcc07898af17dc0"
"364",3,7500,"11/1/2014 12:00:00 AM","10/31/2015 12:00:00 AM",0,"d0121acd3c1e40cc8bf670b62d796b7b"
"365",3,5000,"6/2/2016 12:00:00 AM","11/2/2016 12:00:00 AM",0,"d0e9f77e53e8478db4044ee1d5e97330"
"366",3,720,"4/24/2016 12:00:00 AM","4/5/2017 12:00:00 AM",0,"d49fc759768a4ffd822ddc5d5f70e6ae"
"367",3,2000,"8/11/2015 12:00:00 AM","4/2/2016 12:00:00 AM",0,"d64e7061b41c403c9ca5d0b39b778289"
"368",3,2000,"1/4/2016 12:00:00 AM","12/14/2016 12:00:00 AM",0,"d6610dbb697e4c89901a2be3f21cfc6c"
"369",2,400,"4/1/2016 12:00:00 AM","6/5/2016 12:00:00 AM",0,"d6610dbb697e4c89901a2be3f21cfc6c"
"370",4,0.5,"3/3/2016 12:00:00 AM","6/5/2016 12:00:00 AM",0,"d6610dbb697e4c89901a2be3f21cfc6c"
"371",3,1500,"3/2/2016 12:00:00 AM","1/25/2017 12:00:00 AM",1,"d6610dbb697e4c89901a2be3f21cfc6c"
"372",4,200,"3/1/2016 12:00:00 AM","6/5/2016 12:00:00 AM",1,"d6610dbb697e4c89901a2be3f21cfc6c"
"373",1,1500,"11/10/2015 12:00:00 AM","5/18/2016 12:00:00 AM",0,"d891c88223484984b42ba1c038b197ea"
"374",3,2000,"4/2/2016 12:00:00 AM","11/10/2016 12:00:00 AM",0,"da2332669be04953b92042ac01495893"
"375",3,3000,"3/7/2016 12:00:00 AM","1/5/2017 12:00:00 AM",1,"da2332669be04953b92042ac01495893"
"376",4,1,"3/2/2016 12:00:00 AM","7/2/2016 12:00:00 AM",1,"da2332669be04953b92042ac01495893"
"377",3,1200,"10/2/2015 12:00:00 AM","8/2/2016 12:00:00 AM",0,"da32ffb8636d4a9aacf8cf8a502f1a21"
"378",3,1000,"6/26/2015 12:00:00 AM","6/26/2016 12:00:00 AM",0,"da833d32594047848f74db101f51d623"
"379",2,300,"2/22/2016 12:00:00 AM","4/26/2016 12:00:00 AM",1,"da833d32594047848f74db101f51d623"
"380",3,4000,"2/15/2016 12:00:00 AM","12/31/2016 12:00:00 AM",0,"dde83b92e3214c5c894f318eb246ba5d"
"381",3,2000,"3/16/2016 12:00:00 AM","2/1/2017 12:00:00 AM",0,"df77b7bbb4b44d5cb3bc562610ddfa59"
"382",4,400,"1/7/2016 12:00:00 AM","10/6/2016 12:00:00 AM",0,"df77b7bbb4b44d5cb3bc562610ddfa59"
"383",3,1000,"11/2/2015 12:00:00 AM","9/28/2016 12:00:00 AM",0,"e227ea3e32374b7abed31989057c391d"
"384",3,400,"10/20/2015 12:00:00 AM","7/20/2016 12:00:00 AM",0,"e3fb10068b9846b3b087352c9743a4c7"
"385",3,1800,"4/27/2015 12:00:00 AM","3/27/2016 12:00:00 AM",0,"e40f6c0bb0074b20954707d22fae2a8b"
"386",3,6600,"10/23/2015 12:00:00 AM","9/7/2016 12:00:00 AM",0,"e4af9fa9b030490fa7ab76667ce05a69"
"387",2,200,"2/20/2016 12:00:00 AM","5/28/2016 12:00:00 AM",0,"e4af9fa9b030490fa7ab76667ce05a69"
"388",3,2700,"10/26/2015 12:00:00 AM","10/12/2016 12:00:00 AM",1,"e4af9fa9b030490fa7ab76667ce05a69"
"389",2,2500,"2/10/2016 12:00:00 AM","5/30/2016 12:00:00 AM",0,"e50571affeb04f2b95e610b1d11eb84c"
"390",3,300,"5/20/2015 12:00:00 AM","4/13/2016 12:00:00 AM",0,"e581e62b5f0b4c5e899ee318e9c3dabc"
"391",1,400,"3/16/2016 12:00:00 AM","7/20/2016 12:00:00 AM",0,"e581e62b5f0b4c5e899ee318e9c3dabc"
"392",3,10000,"11/8/2015 12:00:00 AM","10/12/2016 12:00:00 AM",0,"e6457e50d10047e9b3c711de2f3b3db0"
"393",3,3000,"6/3/2015 12:00:00 AM","3/2/2016 12:00:00 AM",1,"e6457e50d10047e9b3c711de2f3b3db0"
"394",4,1.5,"2/14/2016 12:00:00 AM","5/15/2016 12:00:00 AM",1,"e6457e50d10047e9b3c711de2f3b3db0"
"395",3,9600,"12/12/2015 12:00:00 AM","9/12/2016 12:00:00 AM",0,"e7b0732dbe9444899601beb56f4e38e3"
"396",4,400,"1/12/2016 12:00:00 AM","10/12/2016 12:00:00 AM",0,"e7b0732dbe9444899601beb56f4e38e3"
"397",3,5600,"2/12/2016 12:00:00 AM","11/12/2016 12:00:00 AM",1,"e7b0732dbe9444899601beb56f4e38e3"
"398",3,1300,"4/11/2015 12:00:00 AM","8/20/2016 12:00:00 AM",0,"e7f8c3891ce547e984e6f2843aa33e78"
"399",2,750,"3/11/2016 12:00:00 AM","6/13/2016 12:00:00 AM",0,"e802ef764bea4e31850d9d0cd6d53a26"
"400",1,5000,"12/22/2015 12:00:00 AM","5/16/2016 12:00:00 AM",0,"e802ef764bea4e31850d9d0cd6d53a26"
"401",2,400,"2/5/2016 12:00:00 AM","5/31/2016 12:00:00 AM",0,"e818916be6b34713bb93ff71585aebf4"
"402",3,500,"6/15/2015 12:00:00 AM","6/15/2016 12:00:00 AM",0,"e818916be6b34713bb93ff71585aebf4"
"403",4,250,"2/8/2016 12:00:00 AM","10/12/2016 12:00:00 AM",0,"e818916be6b34713bb93ff71585aebf4"
"404",3,4000,"1/29/2016 12:00:00 AM","11/29/2016 12:00:00 AM",0,"e8492211c80e47e2a1051e1d24c9dd34"
"405",3,200,"3/15/2016 12:00:00 AM","11/22/2016 12:00:00 AM",0,"e8b3e17ae2dc43709abb8e17d8e552a3"
"406",1,4000,"2/17/2016 12:00:00 AM","6/5/2016 12:00:00 AM",1,"e8b3e17ae2dc43709abb8e17d8e552a3"
"407",4,1,"2/16/2016 12:00:00 AM","6/30/2016 12:00:00 AM",1,"e8b3e17ae2dc43709abb8e17d8e552a3"
"408",2,100,"2/8/2016 12:00:00 AM","5/16/2016 12:00:00 AM",0,"e90c0adec7c84815a36168560074b1e2"
"409",3,200,"4/14/2016 12:00:00 AM","1/13/2017 12:00:00 AM",0,"e90c0adec7c84815a36168560074b1e2"
"410",4,100,"1/5/2016 12:00:00 AM","11/5/2016 12:00:00 AM",0,"e93eb022c02243958a5f2f9fbd5bdb80"
"411",3,1100,"3/5/2016 12:00:00 AM","12/5/2016 12:00:00 AM",0,"e93eb022c02243958a5f2f9fbd5bdb80"
"412",2,850,"3/3/2016 12:00:00 AM","6/25/2016 12:00:00 AM",0,"ea074edb431846a39b26f985620f0996"
"413",5,0.3,"9/8/2015 12:00:00 AM","4/4/2016 12:00:00 AM",1,"ea074edb431846a39b26f985620f0996"
"414",3,4500,"5/3/2016 12:00:00 AM","6/3/2016 12:00:00 AM",0,"ea3112bf6850408393f14ad383e304fe"
"415",3,2500,"8/20/2015 12:00:00 AM","6/28/2016 12:00:00 AM",0,"ea41ed2465f24bffbf1adf8bf32fa4dc"
"416",5,1,"2/25/2016 12:00:00 AM","4/25/2016 12:00:00 AM",0,"ea41ed2465f24bffbf1adf8bf32fa4dc"
"417",3,1500,"6/11/2015 12:00:00 AM","5/6/2016 12:00:00 AM",0,"eb1aff95d0864243b4113f760811f0a6"
"418",3,2500,"8/13/2015 12:00:00 AM","8/31/2016 12:00:00 AM",0,"eb856a1f208841f5be9a142819fd340f"
"419",2,250,"2/29/2016 12:00:00 AM","6/28/2016 12:00:00 AM",0,"ebf243f38fe74211834358819182de10"
"420",3,240,"2/28/2015 12:00:00 AM","5/23/2016 12:00:00 AM",1,"ebf243f38fe74211834358819182de10"
"421",3,1500,"4/6/2016 12:00:00 AM","4/25/2017 12:00:00 AM",0,"ed38cc5df6e04c64b11a59d8b4801f6c"
"422",3,1100,"2/9/2016 12:00:00 AM","2/28/2017 12:00:00 AM",1,"ed38cc5df6e04c64b11a59d8b4801f6c"
"423",3,450,"2/9/2016 12:00:00 AM","2/25/2017 12:00:00 AM",2,"ed38cc5df6e04c64b11a59d8b4801f6c"
"424",3,21000,"5/27/2015 12:00:00 AM","4/27/2016 12:00:00 AM",0,"eea491f616e54edcb4f937062925bc08"
"425",3,1200,"3/31/2015 12:00:00 AM","3/23/2016 12:00:00 AM",0,"eec4df4a7d064549af652d3d17590f3d"
"426",3,1000,"9/29/2015 12:00:00 AM","10/5/2016 12:00:00 AM",1,"eec4df4a7d064549af652d3d17590f3d"
"427",1,600,"10/21/2015 12:00:00 AM","4/22/2016 12:00:00 AM",0,"efed306916a3413eb71d7905444d0c0d"
"428",2,200,"2/26/2016 12:00:00 AM","5/30/2016 12:00:00 AM",0,"efed306916a3413eb71d7905444d0c0d"
"429",3,1000,"9/12/2015 12:00:00 AM","8/18/2016 12:00:00 AM",0,"f0357c9846f74157ae5efeaa78e4563c"
"430",4,200,"2/13/2016 12:00:00 AM","2/9/2017 12:00:00 AM",0,"f0357c9846f74157ae5efeaa78e4563c"
"431",3,10000,"7/19/2015 12:00:00 AM","5/31/2016 12:00:00 AM",0,"f09adfd3e8394f60a003836a082d8fa2"
"432",3,1800,"9/3/2015 12:00:00 AM","6/11/2016 12:00:00 AM",0,"f19aff505563483683d1d83833406751"
"433",2,750,"2/5/2016 12:00:00 AM","4/19/2016 12:00:00 AM",0,"f1db5b27ea924e94b58a899375aa52e0"
"434",4,2.15,"1/25/2016 12:00:00 AM","4/27/2016 12:00:00 AM",0,"f1db5b27ea924e94b58a899375aa52e0"
"435",2,1300,"4/20/2016 12:00:00 AM","8/20/2016 12:00:00 AM",1,"f3e7ec5a92fc4327b9d7564683bbef6c"
"436",2,3200,"3/1/2016 12:00:00 AM","6/22/2016 12:00:00 AM",0,"f3e7ec5a92fc4327b9d7564683bbef6c"
"437",1,4500,"4/5/2016 12:00:00 AM","9/12/2016 12:00:00 AM",0,"f6dd3c680c5d4c71bd78a51b2fc08292"
"438",2,350,"3/14/2016 12:00:00 AM","7/14/2016 12:00:00 AM",0,"f6e63e3114004f8392460dccd3e41301"
"439",1,4000,"11/25/2015 12:00:00 AM","5/4/2016 12:00:00 AM",0,"f6e63e3114004f8392460dccd3e41301"
"440",3,2500,"12/9/2015 12:00:00 AM","11/23/2016 12:00:00 AM",0,"f70c02cc3919490b98c2a53244828b25"
"441",3,3000,"12/16/2015 12:00:00 AM","10/26/2016 12:00:00 AM",1,"f70c02cc3919490b98c2a53244828b25"
"442",3,1000,"10/21/2015 12:00:00 AM","12/20/2016 12:00:00 AM",2,"f70c02cc3919490b98c2a53244828b25"
"443",3,1500,"10/21/2015 12:00:00 AM","4/27/2016 12:00:00 AM",3,"f70c02cc3919490b98c2a53244828b25"
"444",3,30000,"6/21/2015 12:00:00 AM","5/22/2016 12:00:00 AM",0,"f83bc7285e47438286e1a76f106ebb48"
"445",4,10000,"7/22/2015 12:00:00 AM","10/22/2016 12:00:00 AM",0,"f83bc7285e47438286e1a76f106ebb48"
"446",3,1700,"2/22/2016 12:00:00 AM","12/25/2016 12:00:00 AM",1,"f83bc7285e47438286e1a76f106ebb48"
"447",3,9000,"12/22/2015 12:00:00 AM","10/29/2016 12:00:00 AM",2,"f83bc7285e47438286e1a76f106ebb48"
"448",4,4000,"6/25/2015 12:00:00 AM","3/25/2016 12:00:00 AM",2,"f83bc7285e47438286e1a76f106ebb48"
"449",4,18000,"3/25/2016 12:00:00 AM","1/25/2017 12:00:00 AM",1,"f83bc7285e47438286e1a76f106ebb48"
"450",3,5000,"10/6/2015 12:00:00 AM","8/13/2016 12:00:00 AM",0,"f94897bf16cc4db39070bbd2e8c86020"
"451",3,1500,"2/12/2016 12:00:00 AM","11/12/2016 12:00:00 AM",0,"fc0911474b004dcea91a4ab73fb81be0"
"452",3,2800,"2/24/2016 12:00:00 AM","1/5/2017 12:00:00 AM",0,"fd01e4cdd9f044ceac9edaa739f760e2"
"453",3,1800,"9/5/2015 12:00:00 AM","10/12/2016 12:00:00 AM",0,"fd04f6425ccf46d59b2e480d3ae6acb5"
"454",2,1700,"3/20/2016 12:00:00 AM","7/21/2016 12:00:00 AM",0,"fdc4c893654548f1a856949334152412"
"455",2,300,"3/2/2016 12:00:00 AM","6/15/2016 12:00:00 AM",0,"fe60dfe40d934b0ba3770b4314bb31b8"
"456",3,500,"2/16/2016 12:00:00 AM","12/16/2016 12:00:00 AM",0,"fee56a1e560445cab188e37835aa5c43"
"457",4,100,"2/16/2016 12:00:00 AM","8/16/2016 12:00:00 AM",0,"fee56a1e560445cab188e37835aa5c43"
"458",1,4000,"11/2/2015 12:00:00 AM","4/1/2016 12:00:00 AM",0,"ff7e737ff67942a984d5161251a73196"
"459",1,4000,"12/15/2015 12:00:00 AM","5/15/2016 12:00:00 AM",1,"ff7e737ff67942a984d5161251a73196"
"460",3,900,"2/1/2016 12:00:00 AM","12/8/2016 12:00:00 AM",2,"ff8b18351e8d492b94f8e9b4f0dd090b"
"461",3,300,"5/4/2016 12:00:00 AM","3/4/2017 12:00:00 AM",0,"ff8b18351e8d492b94f8e9b4f0dd090b"
"462",3,300,"1/1/2016 12:00:00 AM","12/18/2016 12:00:00 AM",1,"ff8b18351e8d492b94f8e9b4f0dd090b"
